Customer ID,cluster,cluster_label
12347.0,0,Potential
12348.0,3,Potential
12350.0,3,Potential
12352.0,3,Potential
12355.0,3,Potential
12356.0,3,Potential
12357.0,3,Potential
12358.0,0,Potential
12359.0,0,Potential
12362.0,0,Potential
12363.0,3,Potential
12364.0,3,Potential
12367.0,3,Potential
12370.0,3,Potential
12371.0,3,Potential
12372.0,3,Potential
12373.0,3,Potential
12375.0,0,Potential
12378.0,3,Potential
12379.0,3,Potential
12380.0,3,Potential
12381.0,0,Potential
12383.0,0,Potential
12384.0,3,Potential
12386.0,0,Potential
12388.0,3,Potential
12393.0,3,Potential
12394.0,3,Potential
12395.0,0,Potential
12397.0,3,Potential
12399.0,3,Potential
12401.0,3,Potential
12406.0,3,Potential
12407.0,3,Potential
12408.0,3,Potential
12409.0,2,Champions
12410.0,0,Potential
12413.0,0,Potential
12414.0,3,Potential
12415.0,2,Champions
12417.0,0,Potential
12420.0,3,Potential
12422.0,3,Potential
12423.0,0,Potential
12427.0,0,Potential
12428.0,0,Potential
12429.0,3,Potential
12431.0,0,Potential
12433.0,0,Potential
12434.0,3,Potential
12436.0,3,Potential
12437.0,0,Potential
12441.0,3,Potential
12442.0,3,Potential
12444.0,3,Potential
12447.0,3,Potential
12449.0,0,Potential
12450.0,3,Potential
12451.0,3,Potential
12455.0,3,Potential
12457.0,0,Potential
12461.0,3,Potential
12462.0,3,Potential
12463.0,3,Potential
12464.0,3,Potential
12465.0,3,Potential
12468.0,3,Potential
12471.0,0,Potential
12472.0,0,Potential
12473.0,0,Potential
12474.0,0,Potential
12476.0,3,Potential
12477.0,0,Potential
12478.0,3,Potential
12479.0,3,Potential
12480.0,0,Potential
12481.0,0,Potential
12483.0,0,Potential
12484.0,3,Potential
12489.0,3,Potential
12490.0,0,Potential
12491.0,3,Potential
12492.0,3,Potential
12494.0,0,Potential
12500.0,3,Potential
12501.0,3,Potential
12502.0,3,Potential
12503.0,3,Potential
12504.0,3,Potential
12505.0,3,Potential
12507.0,3,Potential
12508.0,3,Potential
12512.0,3,Potential
12516.0,3,Potential
12517.0,0,Potential
12518.0,3,Potential
12519.0,3,Potential
12520.0,3,Potential
12523.0,0,Potential
12524.0,0,Potential
12526.0,3,Potential
12528.0,3,Potential
12530.0,3,Potential
12532.0,3,Potential
12534.0,3,Potential
12535.0,3,Potential
12536.0,0,Potential
12538.0,3,Potential
12539.0,3,Potential
12540.0,0,Potential
12541.0,0,Potential
12544.0,0,Potential
12546.0,3,Potential
12547.0,3,Potential
12552.0,3,Potential
12553.0,0,Potential
12556.0,3,Potential
12557.0,0,Potential
12558.0,0,Potential
12559.0,3,Potential
12560.0,3,Potential
12561.0,3,Potential
12562.0,3,Potential
12565.0,3,Potential
12567.0,0,Potential
12569.0,0,Potential
12571.0,3,Potential
12572.0,3,Potential
12576.0,3,Potential
12577.0,3,Potential
12578.0,3,Potential
12580.0,3,Potential
12583.0,0,Potential
12584.0,3,Potential
12585.0,3,Potential
12586.0,3,Potential
12587.0,3,Potential
12589.0,3,Potential
12590.0,2,Champions
12592.0,3,Potential
12593.0,3,Potential
12594.0,0,Potential
12596.0,3,Potential
12597.0,3,Potential
12598.0,0,Potential
12599.0,3,Potential
12600.0,0,Potential
12601.0,0,Potential
12602.0,3,Potential
12605.0,3,Potential
12607.0,3,Potential
12609.0,3,Potential
12610.0,0,Potential
12613.0,3,Potential
12614.0,3,Potential
12615.0,3,Potential
12616.0,3,Potential
12617.0,3,Potential
12619.0,3,Potential
12621.0,0,Potential
12623.0,3,Potential
12625.0,0,Potential
12626.0,0,Potential
12627.0,3,Potential
12628.0,3,Potential
12633.0,0,Potential
12635.0,3,Potential
12637.0,0,Potential
12638.0,3,Potential
12643.0,0,Potential
12644.0,3,Potential
12645.0,3,Potential
12646.0,3,Potential
12647.0,0,Potential
12648.0,3,Potential
12649.0,0,Potential
12650.0,3,Potential
12651.0,3,Potential
12652.0,3,Potential
12654.0,3,Potential
12656.0,3,Potential
12659.0,3,Potential
12662.0,0,Potential
12664.0,0,Potential
12665.0,3,Potential
12667.0,3,Potential
12668.0,3,Potential
12669.0,0,Potential
12670.0,0,Potential
12673.0,3,Potential
12674.0,0,Potential
12676.0,0,Potential
12678.0,3,Potential
12679.0,0,Potential
12680.0,3,Potential
12681.0,0,Potential
12682.0,0,Potential
12683.0,0,Potential
12684.0,0,Potential
12685.0,3,Potential
12686.0,3,Potential
12689.0,3,Potential
12691.0,3,Potential
12693.0,0,Potential
12694.0,3,Potential
12695.0,3,Potential
12697.0,3,Potential
12700.0,0,Potential
12701.0,3,Potential
12703.0,3,Potential
12704.0,3,Potential
12705.0,3,Potential
12708.0,0,Potential
12709.0,0,Potential
12710.0,3,Potential
12712.0,0,Potential
12713.0,3,Potential
12716.0,3,Potential
12717.0,3,Potential
12719.0,0,Potential
12720.0,0,Potential
12721.0,0,Potential
12722.0,3,Potential
12723.0,3,Potential
12724.0,0,Potential
12725.0,3,Potential
12726.0,3,Potential
12727.0,3,Potential
12728.0,3,Potential
12731.0,0,Potential
12735.0,3,Potential
12736.0,3,Potential
12738.0,3,Potential
12739.0,3,Potential
12740.0,3,Potential
12744.0,3,Potential
12747.0,0,Potential
12748.0,2,Champions
12749.0,0,Potential
12750.0,3,Potential
12753.0,0,Potential
12754.0,3,Potential
12755.0,0,Potential
12757.0,0,Potential
12758.0,3,Potential
12759.0,3,Potential
12762.0,3,Potential
12763.0,3,Potential
12766.0,0,Potential
12772.0,3,Potential
12775.0,3,Potential
12778.0,3,Potential
12779.0,0,Potential
12781.0,0,Potential
12782.0,3,Potential
12783.0,3,Potential
12785.0,0,Potential
12787.0,3,Potential
12789.0,3,Potential
12791.0,3,Potential
12793.0,0,Potential
12794.0,3,Potential
12797.0,3,Potential
12802.0,3,Potential
12808.0,0,Potential
12816.0,3,Potential
12817.0,3,Potential
12820.0,3,Potential
12821.0,3,Potential
12823.0,3,Potential
12824.0,3,Potential
12826.0,0,Potential
12827.0,3,Potential
12828.0,3,Potential
12829.0,3,Potential
12830.0,0,Potential
12832.0,0,Potential
12834.0,3,Potential
12836.0,0,Potential
12838.0,0,Potential
12839.0,0,Potential
12840.0,3,Potential
12841.0,0,Potential
12842.0,3,Potential
12843.0,3,Potential
12844.0,0,Potential
12849.0,3,Potential
12851.0,3,Potential
12853.0,3,Potential
12854.0,3,Potential
12855.0,3,Potential
12856.0,0,Potential
12857.0,3,Potential
12865.0,3,Potential
12866.0,3,Potential
12867.0,3,Potential
12868.0,0,Potential
12870.0,3,Potential
12872.0,3,Potential
12873.0,3,Potential
12875.0,3,Potential
12877.0,3,Potential
12879.0,3,Potential
12881.0,3,Potential
12882.0,3,Potential
12883.0,3,Potential
12884.0,3,Potential
12885.0,3,Potential
12886.0,0,Potential
12888.0,0,Potential
12891.0,3,Potential
12893.0,3,Potential
12897.0,3,Potential
12901.0,0,Potential
12908.0,3,Potential
12909.0,3,Potential
12910.0,0,Potential
12912.0,0,Potential
12913.0,0,Potential
12915.0,3,Potential
12917.0,3,Potential
12919.0,0,Potential
12921.0,0,Potential
12922.0,3,Potential
12923.0,3,Potential
12924.0,3,Potential
12925.0,3,Potential
12928.0,0,Potential
12929.0,0,Potential
12931.0,2,Champions
12933.0,3,Potential
12935.0,3,Potential
12939.0,0,Potential
12942.0,3,Potential
12943.0,3,Potential
12944.0,3,Potential
12947.0,0,Potential
12948.0,3,Potential
12949.0,0,Potential
12950.0,0,Potential
12951.0,3,Potential
12952.0,0,Potential
12955.0,0,Potential
12956.0,3,Potential
12957.0,3,Potential
12962.0,3,Potential
12963.0,3,Potential
12965.0,3,Potential
12967.0,0,Potential
12970.0,3,Potential
12971.0,0,Potential
12976.0,3,Potential
12977.0,3,Potential
12980.0,0,Potential
12981.0,3,Potential
12982.0,3,Potential
12985.0,3,Potential
12987.0,3,Potential
12989.0,0,Potential
12990.0,3,Potential
12993.0,3,Potential
12994.0,0,Potential
12997.0,3,Potential
12999.0,3,Potential
13000.0,3,Potential
13001.0,3,Potential
13003.0,3,Potential
13004.0,0,Potential
13005.0,3,Potential
13011.0,3,Potential
13012.0,0,Potential
13013.0,0,Potential
13014.0,3,Potential
13015.0,3,Potential
13016.0,3,Potential
13017.0,3,Potential
13018.0,0,Potential
13021.0,0,Potential
13023.0,3,Potential
13026.0,3,Potential
13027.0,3,Potential
13028.0,3,Potential
13029.0,3,Potential
13030.0,3,Potential
13032.0,3,Potential
13034.0,3,Potential
13037.0,3,Potential
13038.0,3,Potential
13040.0,0,Potential
13043.0,3,Potential
13045.0,3,Potential
13046.0,3,Potential
13047.0,0,Potential
13049.0,3,Potential
13050.0,0,Potential
13052.0,3,Potential
13055.0,3,Potential
13058.0,3,Potential
13059.0,3,Potential
13062.0,3,Potential
13064.0,3,Potential
13065.0,3,Potential
13066.0,3,Potential
13069.0,0,Potential
13075.0,3,Potential
13077.0,0,Potential
13078.0,0,Potential
13079.0,3,Potential
13081.0,2,Champions
13082.0,3,Potential
13083.0,3,Potential
13085.0,3,Potential
13089.0,2,Champions
13090.0,0,Potential
13091.0,3,Potential
13092.0,0,Potential
13093.0,0,Potential
13094.0,0,Potential
13097.0,3,Potential
13098.0,2,Champions
13099.0,3,Potential
13102.0,0,Potential
13104.0,3,Potential
13106.0,3,Potential
13107.0,3,Potential
13108.0,3,Potential
13109.0,3,Potential
13110.0,0,Potential
13113.0,0,Potential
13115.0,0,Potential
13117.0,0,Potential
13122.0,3,Potential
13124.0,0,Potential
13126.0,0,Potential
13130.0,3,Potential
13131.0,3,Potential
13133.0,3,Potential
13134.0,3,Potential
13136.0,0,Potential
13137.0,0,Potential
13138.0,3,Potential
13139.0,3,Potential
13140.0,3,Potential
13141.0,0,Potential
13144.0,3,Potential
13145.0,0,Potential
13147.0,0,Potential
13148.0,0,Potential
13153.0,3,Potential
13155.0,0,Potential
13157.0,3,Potential
13158.0,0,Potential
13159.0,3,Potential
13162.0,3,Potential
13166.0,3,Potential
13167.0,3,Potential
13168.0,3,Potential
13169.0,0,Potential
13171.0,3,Potential
13173.0,0,Potential
13174.0,3,Potential
13177.0,3,Potential
13178.0,3,Potential
13183.0,0,Potential
13184.0,0,Potential
13186.0,0,Potential
13187.0,3,Potential
13192.0,3,Potential
13193.0,3,Potential
13198.0,0,Potential
13199.0,0,Potential
13200.0,3,Potential
13203.0,3,Potential
13207.0,3,Potential
13208.0,0,Potential
13209.0,3,Potential
13210.0,3,Potential
13211.0,3,Potential
13212.0,3,Potential
13213.0,0,Potential
13217.0,3,Potential
13218.0,3,Potential
13220.0,3,Potential
13224.0,3,Potential
13225.0,0,Potential
13226.0,3,Potential
13230.0,0,Potential
13232.0,0,Potential
13233.0,3,Potential
13235.0,3,Potential
13236.0,3,Potential
13240.0,0,Potential
13242.0,3,Potential
13244.0,3,Potential
13248.0,3,Potential
13249.0,3,Potential
13253.0,3,Potential
13255.0,0,Potential
13259.0,3,Potential
13260.0,3,Potential
13263.0,0,Potential
13265.0,3,Potential
13266.0,0,Potential
13267.0,0,Potential
13268.0,0,Potential
13269.0,0,Potential
13270.0,3,Potential
13271.0,3,Potential
13272.0,3,Potential
13276.0,0,Potential
13279.0,3,Potential
13280.0,3,Potential
13282.0,0,Potential
13283.0,3,Potential
13285.0,3,Potential
13291.0,3,Potential
13292.0,3,Potential
13294.0,3,Potential
13295.0,3,Potential
13297.0,3,Potential
13298.0,3,Potential
13301.0,3,Potential
13302.0,3,Potential
13305.0,0,Potential
13307.0,3,Potential
13308.0,3,Potential
13309.0,0,Potential
13310.0,0,Potential
13311.0,0,Potential
13313.0,3,Potential
13314.0,3,Potential
13316.0,3,Potential
13317.0,3,Potential
13318.0,3,Potential
13319.0,0,Potential
13320.0,3,Potential
13323.0,3,Potential
13324.0,0,Potential
13327.0,0,Potential
13329.0,0,Potential
13330.0,3,Potential
13334.0,0,Potential
13338.0,3,Potential
13340.0,3,Potential
13344.0,3,Potential
13345.0,3,Potential
13348.0,3,Potential
13351.0,3,Potential
13352.0,0,Potential
13355.0,3,Potential
13359.0,3,Potential
13362.0,3,Potential
13364.0,3,Potential
13365.0,3,Potential
13368.0,3,Potential
13369.0,3,Potential
13370.0,0,Potential
13372.0,3,Potential
13373.0,0,Potential
13375.0,3,Potential
13376.0,3,Potential
13379.0,3,Potential
13381.0,3,Potential
13382.0,3,Potential
13384.0,0,Potential
13388.0,3,Potential
13394.0,0,Potential
13395.0,3,Potential
13396.0,3,Potential
13397.0,0,Potential
13402.0,0,Potential
13404.0,3,Potential
13408.0,0,Potential
13410.0,3,Potential
13414.0,3,Potential
13417.0,3,Potential
13418.0,0,Potential
13419.0,3,Potential
13420.0,3,Potential
13422.0,3,Potential
13426.0,3,Potential
13427.0,3,Potential
13429.0,3,Potential
13431.0,0,Potential
13434.0,3,Potential
13435.0,3,Potential
13436.0,3,Potential
13437.0,0,Potential
13441.0,3,Potential
13447.0,3,Potential
13448.0,0,Potential
13450.0,0,Potential
13451.0,0,Potential
13455.0,3,Potential
13456.0,3,Potential
13458.0,0,Potential
13460.0,3,Potential
13461.0,3,Potential
13462.0,0,Potential
13464.0,3,Potential
13466.0,3,Potential
13467.0,3,Potential
13468.0,0,Potential
13470.0,3,Potential
13471.0,3,Potential
13473.0,3,Potential
13475.0,0,Potential
13476.0,0,Potential
13477.0,0,Potential
13481.0,0,Potential
13483.0,3,Potential
13484.0,3,Potential
13486.0,3,Potential
13487.0,3,Potential
13488.0,0,Potential
13489.0,3,Potential
13491.0,0,Potential
13492.0,0,Potential
13493.0,3,Potential
13494.0,3,Potential
13495.0,0,Potential
13497.0,0,Potential
13499.0,3,Potential
13500.0,0,Potential
13501.0,3,Potential
13502.0,3,Potential
13504.0,3,Potential
13505.0,3,Potential
13506.0,3,Potential
13507.0,3,Potential
13508.0,3,Potential
13509.0,0,Potential
13510.0,3,Potential
13513.0,3,Potential
13515.0,3,Potential
13517.0,3,Potential
13520.0,0,Potential
13521.0,3,Potential
13522.0,3,Potential
13523.0,0,Potential
13524.0,3,Potential
13525.0,3,Potential
13527.0,3,Potential
13531.0,3,Potential
13532.0,3,Potential
13533.0,3,Potential
13534.0,0,Potential
13536.0,3,Potential
13538.0,3,Potential
13539.0,3,Potential
13548.0,0,Potential
13549.0,3,Potential
13552.0,3,Potential
13557.0,0,Potential
13558.0,0,Potential
13560.0,3,Potential
13561.0,3,Potential
13562.0,3,Potential
13564.0,3,Potential
13565.0,3,Potential
13569.0,3,Potential
13570.0,3,Potential
13571.0,3,Potential
13575.0,3,Potential
13576.0,0,Potential
13577.0,3,Potential
13579.0,3,Potential
13581.0,3,Potential
13583.0,3,Potential
13584.0,3,Potential
13587.0,3,Potential
13588.0,0,Potential
13590.0,3,Potential
13591.0,3,Potential
13592.0,0,Potential
13593.0,3,Potential
13596.0,3,Potential
13599.0,0,Potential
13601.0,3,Potential
13602.0,3,Potential
13606.0,0,Potential
13610.0,3,Potential
13611.0,3,Potential
13614.0,3,Potential
13617.0,3,Potential
13623.0,3,Potential
13626.0,3,Potential
13627.0,3,Potential
13629.0,0,Potential
13630.0,3,Potential
13631.0,3,Potential
13632.0,3,Potential
13634.0,0,Potential
13635.0,3,Potential
13636.0,0,Potential
13637.0,3,Potential
13642.0,3,Potential
13643.0,3,Potential
13644.0,3,Potential
13645.0,3,Potential
13647.0,3,Potential
13649.0,3,Potential
13650.0,0,Potential
13651.0,3,Potential
13652.0,3,Potential
13654.0,3,Potential
13655.0,3,Potential
13656.0,3,Potential
13662.0,0,Potential
13666.0,3,Potential
13668.0,0,Potential
13672.0,3,Potential
13673.0,3,Potential
13675.0,3,Potential
13678.0,3,Potential
13680.0,3,Potential
13681.0,0,Potential
13682.0,3,Potential
13685.0,3,Potential
13686.0,3,Potential
13689.0,3,Potential
13690.0,3,Potential
13692.0,0,Potential
13694.0,2,Champions
13695.0,0,Potential
13697.0,3,Potential
13699.0,3,Potential
13700.0,3,Potential
13704.0,0,Potential
13705.0,0,Potential
13706.0,3,Potential
13709.0,0,Potential
13710.0,3,Potential
13711.0,3,Potential
13712.0,3,Potential
13715.0,0,Potential
13717.0,3,Potential
13718.0,3,Potential
13719.0,3,Potential
13721.0,3,Potential
13722.0,0,Potential
13723.0,3,Potential
13725.0,0,Potential
13726.0,3,Potential
13727.0,0,Potential
13728.0,3,Potential
13730.0,3,Potential
13731.0,3,Potential
13732.0,3,Potential
13736.0,3,Potential
13741.0,3,Potential
13742.0,3,Potential
13743.0,3,Potential
13744.0,3,Potential
13745.0,3,Potential
13747.0,3,Potential
13748.0,0,Potential
13750.0,3,Potential
13752.0,3,Potential
13754.0,3,Potential
13755.0,3,Potential
13756.0,0,Potential
13758.0,0,Potential
13759.0,3,Potential
13762.0,3,Potential
13763.0,3,Potential
13764.0,3,Potential
13767.0,0,Potential
13769.0,0,Potential
13771.0,3,Potential
13772.0,3,Potential
13777.0,0,Potential
13780.0,3,Potential
13781.0,3,Potential
13782.0,0,Potential
13784.0,0,Potential
13786.0,3,Potential
13787.0,3,Potential
13790.0,3,Potential
13791.0,3,Potential
13792.0,3,Potential
13798.0,2,Champions
13800.0,3,Potential
13801.0,3,Potential
13802.0,3,Potential
13804.0,3,Potential
13805.0,3,Potential
13806.0,3,Potential
13807.0,3,Potential
13808.0,3,Potential
13809.0,3,Potential
13810.0,3,Potential
13811.0,3,Potential
13812.0,3,Potential
13813.0,0,Potential
13814.0,3,Potential
13816.0,3,Potential
13817.0,3,Potential
13819.0,0,Potential
13822.0,3,Potential
13823.0,3,Potential
13824.0,0,Potential
13826.0,3,Potential
13831.0,0,Potential
13833.0,3,Potential
13835.0,3,Potential
13837.0,3,Potential
13838.0,0,Potential
13841.0,3,Potential
13842.0,0,Potential
13845.0,3,Potential
13846.0,3,Potential
13848.0,0,Potential
13850.0,0,Potential
13851.0,3,Potential
13853.0,3,Potential
13854.0,0,Potential
13856.0,3,Potential
13860.0,3,Potential
13862.0,3,Potential
13863.0,3,Potential
13865.0,0,Potential
13867.0,3,Potential
13868.0,3,Potential
13869.0,3,Potential
13870.0,0,Potential
13871.0,0,Potential
13873.0,0,Potential
13875.0,3,Potential
13876.0,3,Potential
13880.0,0,Potential
13881.0,0,Potential
13882.0,0,Potential
13883.0,3,Potential
13884.0,0,Potential
13885.0,3,Potential
13888.0,0,Potential
13889.0,3,Potential
13890.0,3,Potential
13892.0,3,Potential
13894.0,0,Potential
13895.0,0,Potential
13899.0,3,Potential
13900.0,3,Potential
13901.0,3,Potential
13904.0,3,Potential
13908.0,3,Potential
13911.0,3,Potential
13914.0,3,Potential
13917.0,3,Potential
13919.0,3,Potential
13924.0,3,Potential
13925.0,3,Potential
13928.0,3,Potential
13931.0,3,Potential
13938.0,3,Potential
13939.0,3,Potential
13940.0,3,Potential
13941.0,0,Potential
13947.0,3,Potential
13949.0,3,Potential
13950.0,3,Potential
13952.0,0,Potential
13953.0,0,Potential
13954.0,3,Potential
13955.0,3,Potential
13956.0,0,Potential
13958.0,3,Potential
13959.0,3,Potential
13962.0,3,Potential
13963.0,0,Potential
13969.0,0,Potential
13971.0,0,Potential
13975.0,0,Potential
13980.0,3,Potential
13982.0,3,Potential
13983.0,0,Potential
13984.0,0,Potential
13985.0,0,Potential
13988.0,3,Potential
13989.0,3,Potential
13990.0,3,Potential
13992.0,3,Potential
13993.0,3,Potential
13994.0,3,Potential
13995.0,3,Potential
13999.0,3,Potential
14000.0,3,Potential
14001.0,3,Potential
14002.0,3,Potential
14004.0,3,Potential
14005.0,3,Potential
14006.0,3,Potential
14012.0,3,Potential
14013.0,3,Potential
14016.0,0,Potential
14019.0,3,Potential
14020.0,3,Potential
14021.0,0,Potential
14023.0,3,Potential
14024.0,3,Potential
14027.0,3,Potential
14029.0,3,Potential
14030.0,0,Potential
14031.0,0,Potential
14032.0,0,Potential
14034.0,3,Potential
14035.0,3,Potential
14037.0,3,Potential
14039.0,3,Potential
14040.0,3,Potential
14044.0,3,Potential
14045.0,0,Potential
14047.0,0,Potential
14048.0,3,Potential
14049.0,3,Potential
14050.0,3,Potential
14051.0,0,Potential
14053.0,3,Potential
14054.0,3,Potential
14056.0,0,Potential
14057.0,0,Potential
14060.0,0,Potential
14062.0,0,Potential
14064.0,3,Potential
14067.0,3,Potential
14071.0,3,Potential
14073.0,3,Potential
14075.0,3,Potential
14076.0,3,Potential
14077.0,3,Potential
14078.0,0,Potential
14079.0,3,Potential
14080.0,3,Potential
14081.0,0,Potential
14082.0,3,Potential
14083.0,0,Potential
14085.0,0,Potential
14087.0,3,Potential
14088.0,0,Potential
14092.0,0,Potential
14096.0,2,Champions
14098.0,3,Potential
14099.0,3,Potential
14102.0,3,Potential
14104.0,3,Potential
14107.0,0,Potential
14108.0,3,Potential
14110.0,0,Potential
14111.0,0,Potential
14112.0,0,Potential
14113.0,0,Potential
14114.0,3,Potential
14116.0,3,Potential
14121.0,0,Potential
14125.0,3,Potential
14126.0,3,Potential
14127.0,0,Potential
14128.0,3,Potential
14129.0,3,Potential
14132.0,0,Potential
14133.0,0,Potential
14135.0,0,Potential
14138.0,3,Potential
14140.0,3,Potential
14141.0,3,Potential
14142.0,3,Potential
14145.0,3,Potential
14146.0,3,Potential
14149.0,0,Potential
14150.0,3,Potential
14156.0,2,Champions
14159.0,3,Potential
14161.0,0,Potential
14163.0,3,Potential
14165.0,3,Potential
14167.0,3,Potential
14171.0,3,Potential
14173.0,3,Potential
14174.0,3,Potential
14175.0,3,Potential
14176.0,3,Potential
14177.0,3,Potential
14178.0,0,Potential
14180.0,0,Potential
14184.0,3,Potential
14185.0,3,Potential
14188.0,0,Potential
14189.0,0,Potential
14191.0,0,Potential
14193.0,3,Potential
14194.0,0,Potential
14195.0,3,Potential
14198.0,3,Potential
14199.0,3,Potential
14201.0,3,Potential
14204.0,3,Potential
14205.0,3,Potential
14208.0,3,Potential
14209.0,3,Potential
14210.0,0,Potential
14211.0,3,Potential
14212.0,3,Potential
14213.0,3,Potential
14214.0,3,Potential
14215.0,0,Potential
14216.0,3,Potential
14217.0,0,Potential
14219.0,3,Potential
14220.0,3,Potential
14221.0,3,Potential
14223.0,3,Potential
14224.0,3,Potential
14226.0,3,Potential
14227.0,3,Potential
14229.0,3,Potential
14231.0,0,Potential
14232.0,3,Potential
14233.0,0,Potential
14234.0,3,Potential
14235.0,3,Potential
14236.0,3,Potential
14237.0,3,Potential
14239.0,3,Potential
14240.0,3,Potential
14241.0,3,Potential
14243.0,0,Potential
14245.0,3,Potential
14246.0,3,Potential
14247.0,3,Potential
14250.0,0,Potential
14251.0,3,Potential
14256.0,3,Potential
14257.0,3,Potential
14258.0,0,Potential
14262.0,0,Potential
14264.0,0,Potential
14267.0,3,Potential
14270.0,3,Potential
14273.0,0,Potential
14276.0,0,Potential
14277.0,3,Potential
14282.0,0,Potential
14284.0,3,Potential
14285.0,3,Potential
14286.0,3,Potential
14287.0,0,Potential
14288.0,3,Potential
14289.0,0,Potential
14290.0,3,Potential
14291.0,0,Potential
14292.0,0,Potential
14293.0,0,Potential
14295.0,3,Potential
14297.0,3,Potential
14298.0,0,Potential
14299.0,0,Potential
14304.0,0,Potential
14305.0,3,Potential
14307.0,0,Potential
14309.0,0,Potential
14311.0,3,Potential
14312.0,0,Potential
14315.0,0,Potential
14317.0,3,Potential
14320.0,3,Potential
14321.0,3,Potential
14323.0,3,Potential
14326.0,3,Potential
14329.0,0,Potential
14331.0,3,Potential
14332.0,3,Potential
14333.0,3,Potential
14334.0,3,Potential
14335.0,3,Potential
14336.0,3,Potential
14338.0,3,Potential
14339.0,3,Potential
14340.0,3,Potential
14341.0,0,Potential
14342.0,3,Potential
14344.0,0,Potential
14345.0,3,Potential
14346.0,3,Potential
14350.0,3,Potential
14352.0,3,Potential
14353.0,3,Potential
14354.0,0,Potential
14355.0,3,Potential
14356.0,3,Potential
14359.0,3,Potential
14360.0,3,Potential
14364.0,0,Potential
14367.0,0,Potential
14375.0,3,Potential
14377.0,3,Potential
14383.0,0,Potential
14387.0,3,Potential
14388.0,0,Potential
14389.0,0,Potential
14390.0,0,Potential
14393.0,3,Potential
14395.0,0,Potential
14396.0,0,Potential
14397.0,0,Potential
14401.0,0,Potential
14403.0,3,Potential
14404.0,0,Potential
14406.0,3,Potential
14407.0,3,Potential
14408.0,3,Potential
14409.0,0,Potential
14410.0,3,Potential
14411.0,3,Potential
14412.0,3,Potential
14413.0,3,Potential
14414.0,0,Potential
14415.0,0,Potential
14418.0,3,Potential
14419.0,0,Potential
14420.0,3,Potential
14421.0,3,Potential
14422.0,3,Potential
14423.0,3,Potential
14426.0,3,Potential
14427.0,3,Potential
14428.0,3,Potential
14431.0,3,Potential
14432.0,0,Potential
14434.0,0,Potential
14436.0,3,Potential
14437.0,3,Potential
14438.0,3,Potential
14440.0,0,Potential
14441.0,0,Potential
14442.0,3,Potential
14443.0,0,Potential
14446.0,3,Potential
14447.0,3,Potential
14448.0,3,Potential
14449.0,0,Potential
14450.0,3,Potential
14451.0,3,Potential
14452.0,3,Potential
14453.0,3,Potential
14456.0,0,Potential
14457.0,3,Potential
14459.0,3,Potential
14460.0,3,Potential
14462.0,0,Potential
14463.0,3,Potential
14465.0,3,Potential
14466.0,0,Potential
14472.0,3,Potential
14473.0,3,Potential
14475.0,3,Potential
14477.0,3,Potential
14479.0,3,Potential
14482.0,0,Potential
14483.0,3,Potential
14485.0,3,Potential
14487.0,0,Potential
14488.0,3,Potential
14491.0,3,Potential
14493.0,0,Potential
14495.0,3,Potential
14496.0,0,Potential
14497.0,0,Potential
14498.0,3,Potential
14499.0,3,Potential
14500.0,0,Potential
14501.0,3,Potential
14502.0,3,Potential
14503.0,3,Potential
14504.0,3,Potential
14505.0,0,Potential
14506.0,0,Potential
14507.0,3,Potential
14508.0,3,Potential
14511.0,3,Potential
14512.0,3,Potential
14514.0,3,Potential
14515.0,3,Potential
14517.0,3,Potential
14518.0,3,Potential
14520.0,3,Potential
14522.0,3,Potential
14524.0,0,Potential
14525.0,0,Potential
14527.0,0,Potential
14528.0,3,Potential
14529.0,3,Potential
14530.0,3,Potential
14533.0,0,Potential
14534.0,0,Potential
14535.0,0,Potential
14538.0,3,Potential
14540.0,3,Potential
14541.0,3,Potential
14542.0,3,Potential
14543.0,0,Potential
14546.0,3,Potential
14547.0,3,Potential
14548.0,3,Potential
14549.0,3,Potential
14552.0,3,Potential
14553.0,3,Potential
14555.0,3,Potential
14557.0,3,Potential
14560.0,0,Potential
14561.0,3,Potential
14562.0,0,Potential
14565.0,3,Potential
14567.0,3,Potential
14569.0,3,Potential
14570.0,3,Potential
14572.0,3,Potential
14573.0,0,Potential
14576.0,3,Potential
14577.0,3,Potential
14578.0,3,Potential
14583.0,3,Potential
14584.0,3,Potential
14586.0,3,Potential
14587.0,0,Potential
14589.0,3,Potential
14591.0,3,Potential
14592.0,3,Potential
14594.0,0,Potential
14595.0,3,Potential
14597.0,3,Potential
14600.0,3,Potential
14603.0,3,Potential
14606.0,0,Potential
14607.0,3,Potential
14608.0,0,Potential
14616.0,3,Potential
14618.0,0,Potential
14619.0,3,Potential
14620.0,3,Potential
14621.0,3,Potential
14622.0,3,Potential
14623.0,3,Potential
14624.0,3,Potential
14625.0,0,Potential
14626.0,0,Potential
14627.0,3,Potential
14628.0,3,Potential
14629.0,3,Potential
14636.0,3,Potential
14639.0,0,Potential
14640.0,0,Potential
14642.0,3,Potential
14644.0,0,Potential
14645.0,3,Potential
14646.0,1,Champions
14649.0,3,Potential
14651.0,0,Potential
14653.0,3,Potential
14655.0,3,Potential
14656.0,3,Potential
14657.0,3,Potential
14658.0,3,Potential
14659.0,3,Potential
14662.0,3,Potential
14664.0,3,Potential
14665.0,0,Potential
14667.0,0,Potential
14669.0,3,Potential
14670.0,3,Potential
14672.0,3,Potential
14673.0,0,Potential
14676.0,0,Potential
14679.0,3,Potential
14680.0,2,Champions
14681.0,3,Potential
14682.0,3,Potential
14684.0,0,Potential
14688.0,0,Potential
14690.0,3,Potential
14691.0,0,Potential
14696.0,0,Potential
14697.0,3,Potential
14698.0,3,Potential
14699.0,3,Potential
14700.0,0,Potential
14701.0,3,Potential
14702.0,0,Potential
14704.0,3,Potential
14708.0,0,Potential
14709.0,0,Potential
14710.0,3,Potential
14711.0,3,Potential
14712.0,3,Potential
14713.0,0,Potential
14715.0,0,Potential
14719.0,3,Potential
14720.0,0,Potential
14723.0,0,Potential
14727.0,3,Potential
14729.0,3,Potential
14730.0,3,Potential
14731.0,3,Potential
14732.0,0,Potential
14733.0,0,Potential
14735.0,3,Potential
14737.0,3,Potential
14738.0,0,Potential
14739.0,0,Potential
14740.0,3,Potential
14741.0,3,Potential
14744.0,0,Potential
14745.0,3,Potential
14747.0,3,Potential
14748.0,0,Potential
14755.0,3,Potential
14759.0,3,Potential
14761.0,3,Potential
14765.0,3,Potential
14766.0,0,Potential
14768.0,3,Potential
14769.0,3,Potential
14775.0,0,Potential
14776.0,3,Potential
14777.0,3,Potential
14778.0,3,Potential
14779.0,3,Potential
14788.0,3,Potential
14789.0,3,Potential
14790.0,3,Potential
14792.0,3,Potential
14793.0,3,Potential
14794.0,3,Potential
14796.0,0,Potential
14798.0,3,Potential
14800.0,0,Potential
14801.0,3,Potential
14803.0,3,Potential
14804.0,3,Potential
14808.0,3,Potential
14810.0,0,Potential
14813.0,3,Potential
14815.0,3,Potential
14817.0,3,Potential
14819.0,3,Potential
14820.0,3,Potential
14821.0,3,Potential
14823.0,3,Potential
14824.0,3,Potential
14825.0,0,Potential
14828.0,3,Potential
14829.0,0,Potential
14834.0,0,Potential
14836.0,3,Potential
14837.0,3,Potential
14841.0,3,Potential
14842.0,0,Potential
14844.0,0,Potential
14849.0,0,Potential
14850.0,0,Potential
14852.0,0,Potential
14853.0,0,Potential
14854.0,0,Potential
14855.0,3,Potential
14856.0,3,Potential
14857.0,0,Potential
14860.0,3,Potential
14863.0,3,Potential
14865.0,0,Potential
14866.0,0,Potential
14867.0,0,Potential
14868.0,0,Potential
14869.0,0,Potential
14871.0,3,Potential
14878.0,0,Potential
14880.0,3,Potential
14882.0,3,Potential
14883.0,0,Potential
14886.0,3,Potential
14889.0,3,Potential
14891.0,3,Potential
14895.0,0,Potential
14896.0,3,Potential
14897.0,0,Potential
14898.0,0,Potential
14901.0,0,Potential
14903.0,0,Potential
14904.0,3,Potential
14905.0,3,Potential
14907.0,0,Potential
14910.0,3,Potential
14911.0,2,Champions
14912.0,3,Potential
14913.0,0,Potential
14915.0,3,Potential
14916.0,3,Potential
14918.0,3,Potential
14920.0,3,Potential
14921.0,3,Potential
14924.0,3,Potential
14929.0,3,Potential
14930.0,3,Potential
14931.0,3,Potential
14932.0,3,Potential
14934.0,3,Potential
14936.0,3,Potential
14937.0,3,Potential
14944.0,3,Potential
14947.0,3,Potential
14948.0,3,Potential
14950.0,3,Potential
14952.0,0,Potential
14958.0,3,Potential
14959.0,3,Potential
14960.0,3,Potential
14961.0,3,Potential
14963.0,3,Potential
14964.0,3,Potential
14965.0,3,Potential
14968.0,3,Potential
14970.0,3,Potential
14971.0,3,Potential
14972.0,3,Potential
14974.0,3,Potential
14976.0,3,Potential
14981.0,3,Potential
14984.0,3,Potential
14987.0,3,Potential
14988.0,3,Potential
14995.0,3,Potential
14997.0,3,Potential
14998.0,3,Potential
15002.0,0,Potential
15005.0,0,Potential
15007.0,3,Potential
15010.0,3,Potential
15012.0,3,Potential
15017.0,3,Potential
15018.0,0,Potential
15021.0,0,Potential
15023.0,0,Potential
15024.0,0,Potential
15025.0,3,Potential
15026.0,3,Potential
15027.0,0,Potential
15028.0,0,Potential
15031.0,0,Potential
15032.0,3,Potential
15033.0,3,Potential
15034.0,3,Potential
15035.0,3,Potential
15038.0,0,Potential
15039.0,0,Potential
15043.0,3,Potential
15044.0,0,Potential
15045.0,0,Potential
15046.0,0,Potential
15048.0,0,Potential
15049.0,3,Potential
15051.0,3,Potential
15053.0,3,Potential
15057.0,3,Potential
15058.0,3,Potential
15059.0,3,Potential
15060.0,3,Potential
15061.0,2,Champions
15062.0,3,Potential
15063.0,3,Potential
15065.0,3,Potential
15066.0,3,Potential
15067.0,3,Potential
15070.0,3,Potential
15071.0,3,Potential
15073.0,3,Potential
15078.0,0,Potential
15079.0,0,Potential
15081.0,0,Potential
15087.0,3,Potential
15088.0,3,Potential
15089.0,3,Potential
15090.0,3,Potential
15091.0,3,Potential
15092.0,0,Potential
15093.0,0,Potential
15095.0,3,Potential
15097.0,3,Potential
15098.0,3,Potential
15100.0,0,Potential
15101.0,0,Potential
15103.0,3,Potential
15104.0,3,Potential
15105.0,3,Potential
15106.0,0,Potential
15107.0,0,Potential
15108.0,3,Potential
15109.0,3,Potential
15110.0,3,Potential
15111.0,0,Potential
15114.0,3,Potential
15117.0,3,Potential
15119.0,3,Potential
15120.0,3,Potential
15123.0,3,Potential
15124.0,3,Potential
15125.0,0,Potential
15127.0,3,Potential
15128.0,0,Potential
15129.0,3,Potential
15133.0,0,Potential
15134.0,3,Potential
15136.0,0,Potential
15139.0,3,Potential
15140.0,3,Potential
15144.0,0,Potential
15145.0,3,Potential
15147.0,3,Potential
15150.0,3,Potential
15152.0,0,Potential
15153.0,3,Potential
15156.0,3,Potential
15157.0,3,Potential
15159.0,0,Potential
15164.0,3,Potential
15165.0,3,Potential
15171.0,3,Potential
15172.0,3,Potential
15179.0,3,Potential
15180.0,3,Potential
15181.0,0,Potential
15182.0,3,Potential
15184.0,0,Potential
15187.0,0,Potential
15189.0,0,Potential
15192.0,0,Potential
15193.0,3,Potential
15194.0,0,Potential
15195.0,3,Potential
15197.0,0,Potential
15198.0,3,Potential
15199.0,0,Potential
15201.0,3,Potential
15203.0,3,Potential
15205.0,3,Potential
15206.0,0,Potential
15208.0,3,Potential
15211.0,0,Potential
15212.0,3,Potential
15214.0,0,Potential
15215.0,3,Potential
15218.0,3,Potential
15220.0,3,Potential
15221.0,3,Potential
15223.0,3,Potential
15224.0,3,Potential
15226.0,3,Potential
15227.0,3,Potential
15228.0,0,Potential
15234.0,3,Potential
15235.0,0,Potential
15237.0,3,Potential
15238.0,3,Potential
15240.0,0,Potential
15241.0,0,Potential
15244.0,3,Potential
15245.0,3,Potential
15247.0,3,Potential
15249.0,0,Potential
15251.0,0,Potential
15252.0,0,Potential
15253.0,3,Potential
15254.0,3,Potential
15255.0,3,Potential
15257.0,3,Potential
15258.0,3,Potential
15260.0,0,Potential
15264.0,3,Potential
15265.0,3,Potential
15266.0,3,Potential
15267.0,3,Potential
15270.0,0,Potential
15271.0,0,Potential
15274.0,3,Potential
15275.0,0,Potential
15276.0,3,Potential
15279.0,3,Potential
15281.0,0,Potential
15288.0,0,Potential
15289.0,0,Potential
15290.0,0,Potential
15291.0,0,Potential
15296.0,3,Potential
15297.0,3,Potential
15298.0,0,Potential
15299.0,0,Potential
15300.0,3,Potential
15301.0,0,Potential
15304.0,0,Potential
15306.0,3,Potential
15307.0,3,Potential
15308.0,3,Potential
15311.0,2,Champions
15312.0,3,Potential
15315.0,3,Potential
15318.0,3,Potential
15319.0,3,Potential
15322.0,3,Potential
15326.0,3,Potential
15329.0,0,Potential
15330.0,3,Potential
15332.0,3,Potential
15334.0,3,Potential
15339.0,3,Potential
15342.0,3,Potential
15344.0,3,Potential
15345.0,3,Potential
15346.0,3,Potential
15347.0,3,Potential
15349.0,3,Potential
15350.0,3,Potential
15351.0,0,Potential
15353.0,3,Potential
15355.0,3,Potential
15356.0,0,Potential
15358.0,0,Potential
15363.0,0,Potential
15364.0,3,Potential
15365.0,3,Potential
15367.0,3,Potential
15370.0,3,Potential
15373.0,0,Potential
15374.0,3,Potential
15376.0,3,Potential
15379.0,3,Potential
15380.0,3,Potential
15381.0,3,Potential
15382.0,3,Potential
15384.0,3,Potential
15386.0,3,Potential
15392.0,0,Potential
15393.0,3,Potential
15399.0,3,Potential
15400.0,3,Potential
15405.0,3,Potential
15406.0,3,Potential
15407.0,0,Potential
15410.0,3,Potential
15411.0,3,Potential
15414.0,0,Potential
15416.0,0,Potential
15421.0,0,Potential
15423.0,3,Potential
15426.0,0,Potential
15427.0,3,Potential
15433.0,3,Potential
15434.0,0,Potential
15442.0,3,Potential
15443.0,3,Potential
15449.0,3,Potential
15450.0,3,Potential
15452.0,3,Potential
15453.0,3,Potential
15454.0,3,Potential
15456.0,3,Potential
15462.0,3,Potential
15463.0,3,Potential
15464.0,3,Potential
15465.0,0,Potential
15467.0,3,Potential
15468.0,3,Potential
15469.0,3,Potential
15471.0,3,Potential
15473.0,3,Potential
15482.0,3,Potential
15483.0,3,Potential
15484.0,3,Potential
15485.0,0,Potential
15488.0,3,Potential
15489.0,0,Potential
15491.0,3,Potential
15492.0,3,Potential
15493.0,3,Potential
15494.0,3,Potential
15498.0,0,Potential
15500.0,3,Potential
15502.0,0,Potential
15503.0,3,Potential
15505.0,3,Potential
15508.0,3,Potential
15511.0,3,Potential
15512.0,3,Potential
15513.0,0,Potential
15514.0,0,Potential
15518.0,0,Potential
15520.0,3,Potential
15521.0,0,Potential
15522.0,3,Potential
15525.0,0,Potential
15526.0,3,Potential
15527.0,0,Potential
15529.0,0,Potential
15530.0,3,Potential
15531.0,0,Potential
15533.0,3,Potential
15535.0,3,Potential
15539.0,3,Potential
15544.0,0,Potential
15545.0,3,Potential
15547.0,0,Potential
15549.0,3,Potential
15550.0,0,Potential
15551.0,3,Potential
15552.0,3,Potential
15553.0,3,Potential
15554.0,3,Potential
15555.0,0,Potential
15557.0,3,Potential
15561.0,3,Potential
15563.0,3,Potential
15568.0,3,Potential
15569.0,3,Potential
15570.0,0,Potential
15571.0,3,Potential
15572.0,3,Potential
15573.0,3,Potential
15574.0,3,Potential
15576.0,3,Potential
15577.0,3,Potential
15579.0,3,Potential
15581.0,0,Potential
15582.0,3,Potential
15587.0,3,Potential
15589.0,3,Potential
15594.0,3,Potential
15596.0,0,Potential
15597.0,0,Potential
15598.0,3,Potential
15601.0,0,Potential
15602.0,0,Potential
15605.0,0,Potential
15606.0,0,Potential
15607.0,3,Potential
15608.0,3,Potential
15609.0,3,Potential
15611.0,0,Potential
15612.0,0,Potential
15615.0,0,Potential
15618.0,3,Potential
15620.0,0,Potential
15621.0,3,Potential
15622.0,3,Potential
15625.0,3,Potential
15628.0,0,Potential
15632.0,3,Potential
15636.0,0,Potential
15638.0,3,Potential
15640.0,0,Potential
15641.0,3,Potential
15643.0,3,Potential
15646.0,0,Potential
15648.0,3,Potential
15649.0,0,Potential
15651.0,3,Potential
15652.0,3,Potential
15653.0,3,Potential
15655.0,3,Potential
15656.0,3,Potential
15658.0,0,Potential
15660.0,3,Potential
15661.0,3,Potential
15665.0,3,Potential
15668.0,3,Potential
15671.0,3,Potential
15673.0,0,Potential
15674.0,3,Potential
15675.0,3,Potential
15676.0,0,Potential
15679.0,3,Potential
15680.0,3,Potential
15681.0,0,Potential
15687.0,3,Potential
15689.0,3,Potential
15690.0,3,Potential
15691.0,3,Potential
15692.0,3,Potential
15694.0,0,Potential
15696.0,0,Potential
15701.0,0,Potential
15704.0,3,Potential
15706.0,3,Potential
15707.0,3,Potential
15708.0,0,Potential
15709.0,3,Potential
15712.0,3,Potential
15713.0,3,Potential
15716.0,3,Potential
15719.0,0,Potential
15722.0,3,Potential
15723.0,3,Potential
15724.0,3,Potential
15727.0,0,Potential
15729.0,3,Potential
15730.0,3,Potential
15732.0,0,Potential
15733.0,3,Potential
15737.0,0,Potential
15738.0,0,Potential
15739.0,3,Potential
15743.0,0,Potential
15745.0,3,Potential
15747.0,3,Potential
15749.0,2,Champions
15750.0,0,Potential
15752.0,0,Potential
15753.0,3,Potential
15754.0,3,Potential
15755.0,3,Potential
15756.0,3,Potential
15757.0,3,Potential
15759.0,3,Potential
15762.0,3,Potential
15763.0,3,Potential
15764.0,0,Potential
15766.0,3,Potential
15769.0,2,Champions
15773.0,3,Potential
15774.0,3,Potential
15775.0,3,Potential
15777.0,3,Potential
15780.0,3,Potential
15781.0,3,Potential
15782.0,3,Potential
15785.0,0,Potential
15787.0,3,Potential
15791.0,3,Potential
15796.0,3,Potential
15797.0,3,Potential
15799.0,3,Potential
15800.0,3,Potential
15801.0,3,Potential
15804.0,3,Potential
15805.0,0,Potential
15806.0,3,Potential
15808.0,0,Potential
15809.0,3,Potential
15810.0,3,Potential
15811.0,0,Potential
15812.0,0,Potential
15814.0,0,Potential
15815.0,3,Potential
15819.0,3,Potential
15821.0,3,Potential
15822.0,3,Potential
15823.0,0,Potential
15827.0,0,Potential
15829.0,3,Potential
15830.0,0,Potential
15831.0,0,Potential
15834.0,0,Potential
15837.0,3,Potential
15838.0,2,Champions
15839.0,3,Potential
15840.0,3,Potential
15841.0,3,Potential
15843.0,3,Potential
15845.0,3,Potential
15847.0,3,Potential
15852.0,3,Potential
15854.0,3,Potential
15855.0,3,Potential
15856.0,0,Potential
15858.0,0,Potential
15860.0,0,Potential
15862.0,0,Potential
15864.0,3,Potential
15865.0,3,Potential
15867.0,0,Potential
15869.0,3,Potential
15870.0,3,Potential
15874.0,3,Potential
15877.0,3,Potential
15880.0,3,Potential
15881.0,3,Potential
15882.0,3,Potential
15883.0,3,Potential
15885.0,3,Potential
15886.0,3,Potential
15889.0,0,Potential
15894.0,3,Potential
15898.0,0,Potential
15899.0,3,Potential
15901.0,3,Potential
15903.0,0,Potential
15904.0,3,Potential
15906.0,3,Potential
15907.0,3,Potential
15910.0,0,Potential
15916.0,0,Potential
15917.0,3,Potential
15918.0,3,Potential
15919.0,3,Potential
15920.0,3,Potential
15922.0,3,Potential
15923.0,3,Potential
15930.0,3,Potential
15932.0,0,Potential
15935.0,3,Potential
15937.0,3,Potential
15938.0,3,Potential
15939.0,0,Potential
15940.0,3,Potential
15944.0,3,Potential
15945.0,3,Potential
15948.0,3,Potential
15950.0,3,Potential
15951.0,0,Potential
15952.0,3,Potential
15953.0,0,Potential
15955.0,0,Potential
15957.0,3,Potential
15965.0,0,Potential
15969.0,3,Potential
15970.0,3,Potential
15971.0,0,Potential
15973.0,0,Potential
15974.0,0,Potential
15976.0,3,Potential
15980.0,3,Potential
15981.0,0,Potential
15983.0,0,Potential
15984.0,0,Potential
15985.0,3,Potential
15986.0,3,Potential
15987.0,0,Potential
15992.0,3,Potential
15993.0,3,Potential
15996.0,0,Potential
15998.0,3,Potential
16000.0,0,Potential
16003.0,3,Potential
16005.0,3,Potential
16006.0,3,Potential
16007.0,0,Potential
16009.0,3,Potential
16010.0,0,Potential
16011.0,0,Potential
16012.0,3,Potential
16013.0,2,Champions
16014.0,0,Potential
16015.0,3,Potential
16016.0,0,Potential
16018.0,3,Potential
16019.0,0,Potential
16020.0,3,Potential
16025.0,3,Potential
16027.0,3,Potential
16029.0,2,Champions
16030.0,3,Potential
16031.0,3,Potential
16033.0,0,Potential
16034.0,3,Potential
16037.0,3,Potential
16038.0,3,Potential
16040.0,3,Potential
16041.0,3,Potential
16042.0,0,Potential
16043.0,0,Potential
16045.0,3,Potential
16048.0,3,Potential
16053.0,3,Potential
16055.0,3,Potential
16057.0,0,Potential
16059.0,0,Potential
16062.0,0,Potential
16065.0,3,Potential
16066.0,3,Potential
16070.0,3,Potential
16076.0,3,Potential
16078.0,3,Potential
16080.0,3,Potential
16081.0,0,Potential
16085.0,3,Potential
16086.0,0,Potential
16091.0,3,Potential
16092.0,0,Potential
16094.0,3,Potential
16098.0,0,Potential
16102.0,3,Potential
16103.0,3,Potential
16104.0,3,Potential
16105.0,3,Potential
16106.0,3,Potential
16107.0,3,Potential
16109.0,3,Potential
16110.0,3,Potential
16112.0,3,Potential
16113.0,3,Potential
16115.0,3,Potential
16116.0,3,Potential
16117.0,3,Potential
16119.0,3,Potential
16120.0,3,Potential
16121.0,3,Potential
16122.0,0,Potential
16125.0,3,Potential
16126.0,3,Potential
16128.0,3,Potential
16133.0,0,Potential
16136.0,3,Potential
16138.0,3,Potential
16140.0,0,Potential
16141.0,3,Potential
16142.0,3,Potential
16143.0,0,Potential
16144.0,3,Potential
16145.0,0,Potential
16146.0,3,Potential
16149.0,3,Potential
16150.0,0,Potential
16153.0,3,Potential
16156.0,0,Potential
16159.0,3,Potential
16160.0,3,Potential
16161.0,0,Potential
16162.0,3,Potential
16163.0,3,Potential
16164.0,3,Potential
16168.0,0,Potential
16169.0,0,Potential
16170.0,3,Potential
16171.0,3,Potential
16172.0,0,Potential
16173.0,0,Potential
16174.0,0,Potential
16175.0,3,Potential
16179.0,3,Potential
16180.0,0,Potential
16182.0,3,Potential
16183.0,3,Potential
16184.0,3,Potential
16186.0,0,Potential
16187.0,0,Potential
16188.0,3,Potential
16191.0,0,Potential
16200.0,3,Potential
16201.0,3,Potential
16203.0,0,Potential
16205.0,0,Potential
16206.0,3,Potential
16209.0,3,Potential
16210.0,0,Potential
16211.0,3,Potential
16212.0,3,Potential
16214.0,3,Potential
16217.0,0,Potential
16218.0,0,Potential
16221.0,0,Potential
16224.0,3,Potential
16225.0,3,Potential
16227.0,3,Potential
16229.0,3,Potential
16230.0,3,Potential
16232.0,3,Potential
16233.0,3,Potential
16235.0,0,Potential
16239.0,3,Potential
16240.0,3,Potential
16241.0,0,Potential
16242.0,0,Potential
16243.0,3,Potential
16244.0,0,Potential
16245.0,3,Potential
16248.0,3,Potential
16250.0,3,Potential
16252.0,3,Potential
16253.0,0,Potential
16255.0,0,Potential
16258.0,3,Potential
16261.0,3,Potential
16265.0,0,Potential
16271.0,3,Potential
16274.0,3,Potential
16278.0,3,Potential
16279.0,3,Potential
16282.0,3,Potential
16283.0,0,Potential
16284.0,3,Potential
16292.0,3,Potential
16293.0,0,Potential
16295.0,0,Potential
16297.0,0,Potential
16298.0,3,Potential
16302.0,3,Potential
16303.0,3,Potential
16306.0,0,Potential
16308.0,3,Potential
16309.0,3,Potential
16313.0,3,Potential
16316.0,3,Potential
16317.0,0,Potential
16318.0,3,Potential
16319.0,3,Potential
16320.0,3,Potential
16321.0,3,Potential
16322.0,0,Potential
16324.0,3,Potential
16325.0,3,Potential
16326.0,3,Potential
16327.0,3,Potential
16332.0,0,Potential
16333.0,2,Champions
16337.0,3,Potential
16338.0,3,Potential
16344.0,3,Potential
16347.0,3,Potential
16348.0,3,Potential
16350.0,0,Potential
16351.0,3,Potential
16352.0,3,Potential
16353.0,0,Potential
16354.0,3,Potential
16356.0,3,Potential
16357.0,3,Potential
16358.0,3,Potential
16359.0,0,Potential
16360.0,0,Potential
16362.0,3,Potential
16365.0,0,Potential
16367.0,3,Potential
16368.0,3,Potential
16370.0,3,Potential
16372.0,3,Potential
16374.0,3,Potential
16376.0,3,Potential
16378.0,3,Potential
16379.0,3,Potential
16380.0,3,Potential
16384.0,3,Potential
16385.0,0,Potential
16386.0,3,Potential
16389.0,3,Potential
16393.0,0,Potential
16394.0,3,Potential
16395.0,3,Potential
16398.0,3,Potential
16400.0,3,Potential
16401.0,0,Potential
16402.0,3,Potential
16403.0,3,Potential
16405.0,0,Potential
16407.0,3,Potential
16409.0,0,Potential
16411.0,3,Potential
16414.0,3,Potential
16416.0,3,Potential
16418.0,3,Potential
16419.0,0,Potential
16422.0,2,Champions
16424.0,0,Potential
16425.0,3,Potential
16426.0,3,Potential
16431.0,3,Potential
16432.0,3,Potential
16433.0,3,Potential
16434.0,3,Potential
16438.0,3,Potential
16440.0,0,Potential
16441.0,3,Potential
16442.0,3,Potential
16444.0,3,Potential
16445.0,3,Potential
16446.0,3,Potential
16449.0,3,Potential
16454.0,3,Potential
16455.0,0,Potential
16456.0,0,Potential
16457.0,3,Potential
16458.0,0,Potential
16460.0,3,Potential
16462.0,3,Potential
16463.0,3,Potential
16466.0,0,Potential
16469.0,3,Potential
16471.0,3,Potential
16473.0,0,Potential
16474.0,0,Potential
16475.0,3,Potential
16477.0,0,Potential
16478.0,3,Potential
16484.0,3,Potential
16488.0,3,Potential
16495.0,3,Potential
16496.0,3,Potential
16497.0,3,Potential
16498.0,3,Potential
16499.0,3,Potential
16500.0,3,Potential
16503.0,3,Potential
16505.0,3,Potential
16510.0,3,Potential
16513.0,3,Potential
16515.0,0,Potential
16516.0,3,Potential
16517.0,3,Potential
16518.0,3,Potential
16519.0,3,Potential
16520.0,0,Potential
16523.0,0,Potential
16525.0,0,Potential
16528.0,3,Potential
16529.0,3,Potential
16531.0,3,Potential
16532.0,3,Potential
16533.0,3,Potential
16535.0,3,Potential
16539.0,0,Potential
16546.0,3,Potential
16549.0,3,Potential
16550.0,0,Potential
16551.0,3,Potential
16552.0,0,Potential
16553.0,0,Potential
16554.0,0,Potential
16555.0,3,Potential
16556.0,3,Potential
16558.0,0,Potential
16561.0,0,Potential
16565.0,3,Potential
16566.0,3,Potential
16567.0,3,Potential
16569.0,3,Potential
16570.0,3,Potential
16571.0,3,Potential
16572.0,0,Potential
16573.0,3,Potential
16579.0,3,Potential
16581.0,3,Potential
16583.0,3,Potential
16584.0,3,Potential
16586.0,3,Potential
16589.0,3,Potential
16591.0,3,Potential
16592.0,0,Potential
16593.0,3,Potential
16595.0,3,Potential
16596.0,3,Potential
16597.0,3,Potential
16598.0,3,Potential
16600.0,3,Potential
16602.0,0,Potential
16603.0,3,Potential
16607.0,0,Potential
16609.0,0,Potential
16610.0,3,Potential
16611.0,3,Potential
16612.0,0,Potential
16614.0,3,Potential
16616.0,3,Potential
16618.0,3,Potential
16620.0,3,Potential
16621.0,3,Potential
16623.0,3,Potential
16625.0,3,Potential
16626.0,3,Potential
16628.0,0,Potential
16629.0,3,Potential
16633.0,3,Potential
16634.0,0,Potential
16637.0,3,Potential
16638.0,0,Potential
16639.0,3,Potential
16642.0,3,Potential
16643.0,3,Potential
16644.0,3,Potential
16648.0,3,Potential
16652.0,0,Potential
16653.0,3,Potential
16654.0,0,Potential
16655.0,0,Potential
16656.0,0,Potential
16658.0,3,Potential
16659.0,3,Potential
16665.0,3,Potential
16667.0,3,Potential
16668.0,3,Potential
16670.0,0,Potential
16671.0,0,Potential
16672.0,0,Potential
16674.0,3,Potential
16676.0,3,Potential
16678.0,0,Potential
16679.0,3,Potential
16682.0,3,Potential
16684.0,2,Champions
16685.0,3,Potential
16686.0,3,Potential
16688.0,3,Potential
16693.0,3,Potential
16696.0,0,Potential
16697.0,3,Potential
16700.0,0,Potential
16701.0,0,Potential
16705.0,0,Potential
16706.0,3,Potential
16709.0,0,Potential
16710.0,0,Potential
16711.0,3,Potential
16712.0,0,Potential
16713.0,0,Potential
16714.0,3,Potential
16716.0,0,Potential
16717.0,0,Potential
16718.0,3,Potential
16719.0,0,Potential
16722.0,0,Potential
16723.0,3,Potential
16725.0,0,Potential
16727.0,3,Potential
16729.0,0,Potential
16730.0,3,Potential
16732.0,3,Potential
16735.0,3,Potential
16743.0,0,Potential
16744.0,3,Potential
16745.0,0,Potential
16746.0,0,Potential
16747.0,3,Potential
16748.0,3,Potential
16750.0,3,Potential
16751.0,3,Potential
16752.0,3,Potential
16753.0,3,Potential
16754.0,3,Potential
16756.0,3,Potential
16758.0,3,Potential
16759.0,0,Potential
16761.0,3,Potential
16763.0,3,Potential
16764.0,3,Potential
16766.0,3,Potential
16767.0,3,Potential
16770.0,3,Potential
16771.0,0,Potential
16774.0,3,Potential
16775.0,0,Potential
16776.0,3,Potential
16778.0,3,Potential
16779.0,0,Potential
16781.0,0,Potential
16782.0,0,Potential
16788.0,3,Potential
16789.0,3,Potential
16790.0,0,Potential
16791.0,3,Potential
16792.0,3,Potential
16794.0,3,Potential
16795.0,3,Potential
16796.0,3,Potential
16801.0,3,Potential
16803.0,3,Potential
16806.0,3,Potential
16807.0,3,Potential
16808.0,0,Potential
16809.0,3,Potential
16811.0,3,Potential
16813.0,3,Potential
16814.0,0,Potential
16817.0,0,Potential
16818.0,0,Potential
16820.0,3,Potential
16825.0,0,Potential
16828.0,3,Potential
16829.0,3,Potential
16830.0,3,Potential
16832.0,3,Potential
16833.0,3,Potential
16835.0,0,Potential
16837.0,0,Potential
16838.0,3,Potential
16839.0,0,Potential
16841.0,0,Potential
16842.0,3,Potential
16843.0,0,Potential
16849.0,3,Potential
16850.0,3,Potential
16851.0,3,Potential
16858.0,3,Potential
16861.0,0,Potential
16863.0,0,Potential
16866.0,0,Potential
16871.0,3,Potential
16872.0,3,Potential
16873.0,0,Potential
16875.0,0,Potential
16877.0,3,Potential
16880.0,0,Potential
16881.0,3,Potential
16882.0,3,Potential
16883.0,0,Potential
16884.0,3,Potential
16887.0,3,Potential
16889.0,3,Potential
16891.0,0,Potential
16892.0,3,Potential
16893.0,3,Potential
16895.0,3,Potential
16898.0,3,Potential
16899.0,0,Potential
16900.0,3,Potential
16903.0,3,Potential
16904.0,0,Potential
16905.0,0,Potential
16906.0,3,Potential
16907.0,0,Potential
16909.0,3,Potential
16910.0,3,Potential
16912.0,0,Potential
16914.0,3,Potential
16915.0,3,Potential
16916.0,3,Potential
16917.0,3,Potential
16918.0,3,Potential
16919.0,0,Potential
16921.0,3,Potential
16923.0,0,Potential
16924.0,3,Potential
16926.0,3,Potential
16927.0,3,Potential
16928.0,0,Potential
16929.0,3,Potential
16930.0,3,Potential
16931.0,0,Potential
16933.0,3,Potential
16938.0,0,Potential
16942.0,3,Potential
16943.0,3,Potential
16945.0,0,Potential
16949.0,3,Potential
16950.0,0,Potential
16951.0,3,Potential
16953.0,3,Potential
16954.0,0,Potential
16955.0,0,Potential
16957.0,3,Potential
16960.0,0,Potential
16963.0,3,Potential
16966.0,3,Potential
16967.0,3,Potential
16968.0,3,Potential
16969.0,3,Potential
16971.0,0,Potential
16979.0,3,Potential
16982.0,3,Potential
16983.0,0,Potential
16984.0,0,Potential
16985.0,0,Potential
16986.0,3,Potential
16987.0,3,Potential
16988.0,3,Potential
16989.0,0,Potential
16990.0,3,Potential
16992.0,3,Potential
16995.0,3,Potential
16996.0,3,Potential
16997.0,3,Potential
16998.0,3,Potential
17001.0,3,Potential
17002.0,3,Potential
17004.0,3,Potential
17006.0,3,Potential
17007.0,3,Potential
17011.0,3,Potential
17014.0,3,Potential
17015.0,3,Potential
17017.0,0,Potential
17019.0,3,Potential
17022.0,3,Potential
17024.0,3,Potential
17025.0,0,Potential
17026.0,0,Potential
17027.0,3,Potential
17030.0,3,Potential
17031.0,3,Potential
17033.0,3,Potential
17035.0,0,Potential
17038.0,3,Potential
17042.0,3,Potential
17043.0,3,Potential
17044.0,3,Potential
17045.0,3,Potential
17046.0,3,Potential
17048.0,0,Potential
17049.0,0,Potential
17050.0,3,Potential
17052.0,3,Potential
17053.0,3,Potential
17054.0,3,Potential
17059.0,0,Potential
17061.0,3,Potential
17062.0,3,Potential
17063.0,3,Potential
17064.0,3,Potential
17068.0,0,Potential
17069.0,0,Potential
17071.0,0,Potential
17076.0,0,Potential
17078.0,3,Potential
17082.0,3,Potential
17083.0,3,Potential
17084.0,3,Potential
17085.0,0,Potential
17086.0,0,Potential
17088.0,3,Potential
17090.0,0,Potential
17091.0,0,Potential
17092.0,3,Potential
17095.0,3,Potential
17096.0,3,Potential
17097.0,0,Potential
17101.0,3,Potential
17105.0,3,Potential
17107.0,3,Potential
17109.0,3,Potential
17114.0,3,Potential
17115.0,0,Potential
17119.0,0,Potential
17122.0,3,Potential
17123.0,3,Potential
17124.0,3,Potential
17126.0,0,Potential
17128.0,3,Potential
17131.0,3,Potential
17133.0,3,Potential
17135.0,0,Potential
17138.0,3,Potential
17139.0,0,Potential
17140.0,3,Potential
17144.0,3,Potential
17147.0,3,Potential
17157.0,3,Potential
17158.0,3,Potential
17159.0,3,Potential
17160.0,0,Potential
17162.0,0,Potential
17164.0,3,Potential
17166.0,3,Potential
17169.0,3,Potential
17173.0,0,Potential
17174.0,3,Potential
17175.0,3,Potential
17180.0,3,Potential
17181.0,3,Potential
17183.0,3,Potential
17186.0,3,Potential
17188.0,0,Potential
17190.0,0,Potential
17191.0,0,Potential
17193.0,0,Potential
17194.0,3,Potential
17197.0,3,Potential
17198.0,0,Potential
17203.0,0,Potential
17204.0,3,Potential
17211.0,0,Potential
17213.0,0,Potential
17214.0,0,Potential
17218.0,0,Potential
17219.0,3,Potential
17220.0,0,Potential
17221.0,3,Potential
17222.0,3,Potential
17223.0,0,Potential
17226.0,3,Potential
17227.0,0,Potential
17228.0,0,Potential
17229.0,3,Potential
17230.0,0,Potential
17231.0,3,Potential
17232.0,3,Potential
17233.0,3,Potential
17234.0,3,Potential
17235.0,3,Potential
17236.0,0,Potential
17238.0,0,Potential
17242.0,3,Potential
17243.0,0,Potential
17248.0,3,Potential
17250.0,3,Potential
17251.0,3,Potential
17252.0,3,Potential
17254.0,3,Potential
17259.0,3,Potential
17262.0,3,Potential
17265.0,3,Potential
17266.0,3,Potential
17267.0,3,Potential
17268.0,3,Potential
17274.0,3,Potential
17278.0,3,Potential
17282.0,3,Potential
17284.0,3,Potential
17287.0,0,Potential
17288.0,3,Potential
17289.0,3,Potential
17290.0,3,Potential
17291.0,3,Potential
17293.0,0,Potential
17295.0,3,Potential
17298.0,3,Potential
17299.0,3,Potential
17302.0,3,Potential
17306.0,0,Potential
17307.0,3,Potential
17309.0,3,Potential
17312.0,3,Potential
17313.0,3,Potential
17314.0,0,Potential
17315.0,0,Potential
17317.0,3,Potential
17320.0,3,Potential
17321.0,3,Potential
17323.0,3,Potential
17324.0,0,Potential
17325.0,3,Potential
17330.0,3,Potential
17331.0,3,Potential
17334.0,0,Potential
17337.0,0,Potential
17338.0,0,Potential
17339.0,0,Potential
17340.0,0,Potential
17341.0,0,Potential
17345.0,3,Potential
17346.0,0,Potential
17348.0,0,Potential
17350.0,3,Potential
17351.0,0,Potential
17353.0,0,Potential
17356.0,3,Potential
17358.0,3,Potential
17360.0,3,Potential
17361.0,3,Potential
17362.0,3,Potential
17364.0,0,Potential
17365.0,3,Potential
17368.0,3,Potential
17370.0,3,Potential
17372.0,0,Potential
17374.0,3,Potential
17375.0,3,Potential
17376.0,3,Potential
17377.0,0,Potential
17381.0,2,Champions
17382.0,3,Potential
17383.0,3,Potential
17384.0,3,Potential
17386.0,3,Potential
17387.0,3,Potential
17388.0,3,Potential
17389.0,2,Champions
17392.0,3,Potential
17394.0,3,Potential
17396.0,0,Potential
17400.0,3,Potential
17402.0,0,Potential
17403.0,3,Potential
17404.0,0,Potential
17405.0,3,Potential
17406.0,0,Potential
17409.0,3,Potential
17410.0,0,Potential
17411.0,3,Potential
17412.0,0,Potential
17414.0,3,Potential
17416.0,0,Potential
17419.0,0,Potential
17420.0,3,Potential
17422.0,0,Potential
17423.0,3,Potential
17425.0,3,Potential
17426.0,0,Potential
17428.0,0,Potential
17429.0,0,Potential
17430.0,0,Potential
17432.0,3,Potential
17433.0,3,Potential
17434.0,3,Potential
17436.0,3,Potential
17438.0,3,Potential
17440.0,3,Potential
17442.0,0,Potential
17443.0,3,Potential
17444.0,3,Potential
17446.0,3,Potential
17449.0,0,Potential
17450.0,2,Champions
17451.0,3,Potential
17453.0,3,Potential
17456.0,3,Potential
17457.0,3,Potential
17459.0,3,Potential
17460.0,0,Potential
17461.0,3,Potential
17462.0,3,Potential
17464.0,3,Potential
17469.0,3,Potential
17470.0,0,Potential
17472.0,3,Potential
17481.0,3,Potential
17483.0,3,Potential
17489.0,3,Potential
17490.0,3,Potential
17491.0,0,Potential
17492.0,3,Potential
17495.0,3,Potential
17500.0,3,Potential
17501.0,3,Potential
17502.0,3,Potential
17503.0,0,Potential
17504.0,3,Potential
17505.0,3,Potential
17507.0,3,Potential
17508.0,3,Potential
17509.0,3,Potential
17511.0,2,Champions
17512.0,3,Potential
17514.0,3,Potential
17515.0,3,Potential
17516.0,0,Potential
17517.0,3,Potential
17519.0,3,Potential
17521.0,0,Potential
17522.0,3,Potential
17526.0,0,Potential
17527.0,0,Potential
17528.0,3,Potential
17530.0,0,Potential
17531.0,0,Potential
17535.0,3,Potential
17537.0,3,Potential
17540.0,3,Potential
17547.0,3,Potential
17548.0,0,Potential
17550.0,3,Potential
17552.0,0,Potential
17553.0,3,Potential
17554.0,3,Potential
17555.0,3,Potential
17560.0,3,Potential
17562.0,3,Potential
17566.0,3,Potential
17567.0,0,Potential
17569.0,3,Potential
17571.0,3,Potential
17572.0,0,Potential
17573.0,3,Potential
17574.0,3,Potential
17576.0,0,Potential
17578.0,3,Potential
17579.0,0,Potential
17580.0,3,Potential
17581.0,0,Potential
17584.0,3,Potential
17585.0,3,Potential
17589.0,0,Potential
17590.0,3,Potential
17591.0,0,Potential
17593.0,3,Potential
17595.0,3,Potential
17596.0,0,Potential
17597.0,3,Potential
17602.0,3,Potential
17604.0,3,Potential
17608.0,3,Potential
17609.0,3,Potential
17611.0,0,Potential
17612.0,3,Potential
17613.0,0,Potential
17615.0,3,Potential
17616.0,3,Potential
17618.0,3,Potential
17620.0,3,Potential
17621.0,3,Potential
17623.0,3,Potential
17624.0,3,Potential
17629.0,0,Potential
17631.0,3,Potential
17633.0,3,Potential
17634.0,0,Potential
17636.0,3,Potential
17637.0,3,Potential
17639.0,3,Potential
17642.0,3,Potential
17643.0,3,Potential
17644.0,0,Potential
17646.0,0,Potential
17647.0,3,Potential
17648.0,0,Potential
17651.0,3,Potential
17652.0,0,Potential
17653.0,0,Potential
17654.0,3,Potential
17655.0,0,Potential
17656.0,0,Potential
17658.0,3,Potential
17659.0,0,Potential
17663.0,0,Potential
17664.0,3,Potential
17666.0,3,Potential
17667.0,0,Potential
17668.0,0,Potential
17669.0,0,Potential
17671.0,0,Potential
17672.0,0,Potential
17673.0,3,Potential
17674.0,3,Potential
17675.0,0,Potential
17676.0,0,Potential
17677.0,0,Potential
17682.0,0,Potential
17685.0,0,Potential
17686.0,0,Potential
17690.0,0,Potential
17691.0,3,Potential
17692.0,3,Potential
17696.0,0,Potential
17700.0,0,Potential
17701.0,3,Potential
17702.0,0,Potential
17703.0,3,Potential
17705.0,3,Potential
17706.0,0,Potential
17707.0,3,Potential
17708.0,3,Potential
17716.0,3,Potential
17719.0,0,Potential
17720.0,3,Potential
17722.0,0,Potential
17723.0,0,Potential
17725.0,3,Potential
17728.0,3,Potential
17730.0,3,Potential
17731.0,3,Potential
17732.0,3,Potential
17733.0,3,Potential
17735.0,0,Potential
17736.0,3,Potential
17737.0,3,Potential
17738.0,3,Potential
17739.0,0,Potential
17742.0,3,Potential
17744.0,3,Potential
17750.0,3,Potential
17754.0,0,Potential
17757.0,0,Potential
17758.0,0,Potential
17760.0,3,Potential
17761.0,3,Potential
17764.0,3,Potential
17765.0,3,Potential
17768.0,0,Potential
17769.0,3,Potential
17770.0,0,Potential
17774.0,3,Potential
17781.0,3,Potential
17783.0,3,Potential
17787.0,0,Potential
17788.0,3,Potential
17789.0,3,Potential
17790.0,0,Potential
17791.0,3,Potential
17796.0,0,Potential
17797.0,3,Potential
17799.0,0,Potential
17800.0,0,Potential
17802.0,0,Potential
17809.0,0,Potential
17811.0,0,Potential
17812.0,0,Potential
17813.0,3,Potential
17816.0,0,Potential
17817.0,3,Potential
17819.0,0,Potential
17820.0,3,Potential
17827.0,0,Potential
17828.0,0,Potential
17830.0,3,Potential
17831.0,3,Potential
17835.0,3,Potential
17837.0,3,Potential
17838.0,0,Potential
17841.0,2,Champions
17843.0,3,Potential
17848.0,3,Potential
17849.0,3,Potential
17850.0,0,Potential
17854.0,3,Potential
17855.0,3,Potential
17856.0,0,Potential
17857.0,0,Potential
17858.0,0,Potential
17859.0,3,Potential
17860.0,3,Potential
17861.0,3,Potential
17863.0,0,Potential
17864.0,3,Potential
17865.0,0,Potential
17867.0,3,Potential
17869.0,0,Potential
17870.0,0,Potential
17873.0,0,Potential
17874.0,3,Potential
17880.0,3,Potential
17881.0,3,Potential
17883.0,3,Potential
17884.0,0,Potential
17886.0,3,Potential
17887.0,3,Potential
17888.0,0,Potential
17889.0,3,Potential
17892.0,3,Potential
17894.0,0,Potential
17897.0,0,Potential
17899.0,3,Potential
17900.0,3,Potential
17901.0,3,Potential
17905.0,0,Potential
17906.0,3,Potential
17908.0,3,Potential
17912.0,3,Potential
17913.0,3,Potential
17914.0,3,Potential
17917.0,3,Potential
17919.0,3,Potential
17920.0,0,Potential
17921.0,3,Potential
17923.0,3,Potential
17924.0,0,Potential
17925.0,3,Potential
17928.0,3,Potential
17929.0,3,Potential
17930.0,3,Potential
17932.0,3,Potential
17934.0,3,Potential
17936.0,3,Potential
17937.0,0,Potential
17939.0,3,Potential
17940.0,0,Potential
17941.0,3,Potential
17942.0,3,Potential
17947.0,3,Potential
17949.0,0,Potential
17950.0,3,Potential
17951.0,3,Potential
17954.0,0,Potential
17955.0,3,Potential
17956.0,3,Potential
17957.0,3,Potential
17961.0,0,Potential
17964.0,0,Potential
17965.0,0,Potential
17966.0,0,Potential
17967.0,3,Potential
17968.0,3,Potential
17970.0,3,Potential
17972.0,3,Potential
17974.0,3,Potential
17975.0,0,Potential
17976.0,3,Potential
17977.0,3,Potential
17978.0,3,Potential
17979.0,3,Potential
17987.0,3,Potential
17988.0,3,Potential
17994.0,3,Potential
17995.0,3,Potential
17997.0,0,Potential
17999.0,0,Potential
18004.0,3,Potential
18005.0,3,Potential
18008.0,3,Potential
18011.0,3,Potential
18013.0,3,Potential
18014.0,3,Potential
18015.0,3,Potential
18016.0,0,Potential
18017.0,3,Potential
18022.0,3,Potential
18024.0,3,Potential
18027.0,3,Potential
18030.0,3,Potential
18032.0,3,Potential
18033.0,3,Potential
18035.0,3,Potential
18036.0,3,Potential
18037.0,0,Potential
18040.0,3,Potential
18041.0,0,Potential
18043.0,3,Potential
18044.0,3,Potential
18053.0,3,Potential
18055.0,0,Potential
18059.0,3,Potential
18061.0,0,Potential
18062.0,3,Potential
18065.0,0,Potential
18069.0,3,Potential
18071.0,3,Potential
18072.0,3,Potential
18073.0,3,Potential
18074.0,3,Potential
18075.0,0,Potential
18077.0,0,Potential
18078.0,3,Potential
18079.0,3,Potential
18080.0,3,Potential
18081.0,3,Potential
18084.0,3,Potential
18085.0,3,Potential
18086.0,3,Potential
18087.0,0,Potential
18088.0,3,Potential
18092.0,0,Potential
18093.0,3,Potential
18094.0,3,Potential
18095.0,3,Potential
18096.0,3,Potential
18097.0,3,Potential
18099.0,3,Potential
18102.0,1,Champions
18104.0,3,Potential
18105.0,3,Potential
18108.0,3,Potential
18109.0,0,Potential
18113.0,3,Potential
18116.0,3,Potential
18118.0,0,Potential
18119.0,3,Potential
18120.0,3,Potential
18121.0,3,Potential
18122.0,0,Potential
18123.0,3,Potential
18125.0,3,Potential
18126.0,3,Potential
18129.0,3,Potential
18130.0,0,Potential
18133.0,3,Potential
18135.0,0,Potential
18136.0,0,Potential
18142.0,3,Potential
18144.0,0,Potential
18146.0,3,Potential
18149.0,3,Potential
18150.0,3,Potential
18154.0,3,Potential
18156.0,3,Potential
18158.0,3,Potential
18159.0,3,Potential
18161.0,0,Potential
18164.0,0,Potential
18167.0,3,Potential
18168.0,0,Potential
18169.0,3,Potential
18170.0,3,Potential
18171.0,0,Potential
18172.0,0,Potential
18173.0,3,Potential
18174.0,3,Potential
18177.0,3,Potential
18178.0,3,Potential
18179.0,0,Potential
18180.0,0,Potential
18183.0,0,Potential
18185.0,3,Potential
18193.0,0,Potential
18194.0,3,Potential
18196.0,3,Potential
18198.0,0,Potential
18202.0,3,Potential
18203.0,3,Potential
18205.0,3,Potential
18209.0,3,Potential
18210.0,3,Potential
18211.0,3,Potential
18215.0,3,Potential
18216.0,3,Potential
18217.0,3,Potential
18218.0,0,Potential
18219.0,0,Potential
18220.0,3,Potential
18221.0,3,Potential
18222.0,3,Potential
18223.0,0,Potential
18225.0,0,Potential
18226.0,0,Potential
18227.0,3,Potential
18229.0,0,Potential
18230.0,0,Potential
18232.0,3,Potential
18235.0,0,Potential
18236.0,0,Potential
18237.0,3,Potential
18239.0,0,Potential
18241.0,0,Potential
18242.0,3,Potential
18245.0,0,Potential
18248.0,3,Potential
18250.0,0,Potential
18255.0,3,Potential
18257.0,3,Potential
18259.0,3,Potential
18260.0,3,Potential
18261.0,3,Potential
18263.0,0,Potential
18265.0,3,Potential
18269.0,3,Potential
18270.0,3,Potential
18272.0,3,Potential
18273.0,3,Potential
18274.0,3,Potential
18277.0,3,Potential
18280.0,3,Potential
18281.0,3,Potential
18282.0,0,Potential
18283.0,3,Potential
18287.0,3,Potential
